:START_ID(Tweet),:END_ID(Interests and Hobbies Vertical-ca),:TYPE,Specification
2,Family and life stages,references,Family and Life Stages
13,Family and life stages,references,Family and Life Stages
17,Family and life stages,references,Family and Life Stages
18,Family and life stages,references,Family and Life Stages
25,Family and life stages,references,Family and Life Stages
41,Family and life stages,references,Family and Life Stages
43,Family and life stages,references,Family and Life Stages
47,Family and life stages,references,Family and Life Stages
56,Family and life stages,references,Family and Life Stages
62,Business & finance,references,
68,Family and life stages,references,Family and Life Stages
71,Family and life stages,references,Family and Life Stages
73,Careers,references,Careers
78,Family and life stages,references,Family and Life Stages
107,Family and life stages,references,Family and Life Stages
108,Family and life stages,references,Family and Life Stages
115,Family and life stages,references,Family and Life Stages
119,Family and life stages,references,Family and Life Stages
128,Family and life stages,references,Family and Life Stages
130,Family and life stages,references,Family and Life Stages
138,Family and life stages,references,Family and Life Stages
142,Family and life stages,references,Family and Life Stages
153,Family and life stages,references,Family and Life Stages
154,Business & finance,references,
161,Family and life stages,references,Family and Life Stages
167,Business & finance,references,
171,Family and life stages,references,Family and Life Stages
177,Family and life stages,references,Family and Life Stages
183,Family and life stages,references,Family and Life Stages
184,Family and life stages,references,Family and Life Stages
185,Family and life stages,references,Family and Life Stages
186,Family and life stages,references,Family and Life Stages
187,Family and life stages,references,Family and Life Stages
188,Family and life stages,references,Family and Life Stages
189,Family and life stages,references,Family and Life Stages
191,Family and life stages,references,Family and Life Stages
218,Business & finance,references,
246,Family and life stages,references,Family and Life Stages
258,Family and life stages,references,Family and Life Stages
263,Family and life stages,references,Family and Life Stages
293,Family and life stages,references,Family and Life Stages
294,Family and life stages,references,Family and Life Stages
310,Wellness and health,references,Wellness & Health
321,Family and life stages,references,Family and Life Stages
325,Family and life stages,references,Family and Life Stages
331,Family and life stages,references,Family and Life Stages
337,Family and life stages,references,Family and Life Stages
379,Business & finance,references,
379,Business & finance,references,
380,Business & finance,references,
380,Business & finance,references,
380,Family and life stages,references,Family and Life Stages
381,Business & finance,references,
381,Business & finance,references,
382,Family and life stages,references,Family and Life Stages
383,Wellness and health,references,Wellness & Health
387,Family and life stages,references,Family and Life Stages
388,Family and life stages,references,Family and Life Stages
389,Family and life stages,references,Family and Life Stages
391,Family and life stages,references,Family and Life Stages
398,Business & finance,references,
398,Business & finance,references,
406,Family and life stages,references,Family and Life Stages
410,Careers,references,Careers
414,Family and life stages,references,Family and Life Stages
416,Careers,references,Careers
434,Business & finance,references,
444,Careers,references,Careers
458,Family and life stages,references,Family and Life Stages
459,Family and life stages,references,Family and Life Stages
463,Family and life stages,references,Family and Life Stages
468,Family and life stages,references,Family and Life Stages
473,Family and life stages,references,Family and Life Stages
479,Family and life stages,references,Family and Life Stages
484,Family and life stages,references,Family and Life Stages
487,Family and life stages,references,Family and Life Stages
489,Family and life stages,references,Family and Life Stages
492,Family and life stages,references,Family and Life Stages
499,Family and life stages,references,Family and Life Stages
500,Business & finance,references,
500,Business & finance,references,
509,Family and life stages,references,Family and Life Stages
519,Family and life stages,references,Family and Life Stages
525,Business & finance,references,
530,Family and life stages,references,Family and Life Stages
531,Family and life stages,references,Family and Life Stages
544,Family and life stages,references,Family and Life Stages
545,Family and life stages,references,Family and Life Stages
555,Automotive,references,Car culture
558,Family and life stages,references,Family and Life Stages
559,Family and life stages,references,Family and Life Stages
572,Family and life stages,references,Family and Life Stages
574,Family and life stages,references,Family and Life Stages
577,Family and life stages,references,Family and Life Stages
581,Family and life stages,references,Family and Life Stages
591,Family and life stages,references,Family and Life Stages
597,Family and life stages,references,Family and Life Stages
600,Family and life stages,references,Family and Life Stages
608,Family and life stages,references,Family and Life Stages
609,Family and life stages,references,Family and Life Stages
610,Family and life stages,references,Family and Life Stages
626,Family and life stages,references,Family and Life Stages
627,Family and life stages,references,Family and Life Stages
628,Family and life stages,references,Family and Life Stages
629,Family and life stages,references,Family and Life Stages
631,Family and life stages,references,Family and Life Stages
634,Family and life stages,references,Family and Life Stages
638,Family and life stages,references,Family and Life Stages
639,Family and life stages,references,Family and Life Stages
647,Family and life stages,references,Family and Life Stages
678,Family and life stages,references,Family and Life Stages
680,Family and life stages,references,Family and Life Stages
732,Family and life stages,references,Family and Life Stages
734,Family and life stages,references,Family and Life Stages
737,Family and life stages,references,Family and Life Stages
751,Business & finance,references,
772,Family and life stages,references,Family and Life Stages
776,Family and life stages,references,Family and Life Stages
778,Family and life stages,references,Family and Life Stages
783,Family and life stages,references,Family and Life Stages
789,Family and life stages,references,Family and Life Stages
805,Family and life stages,references,Family and Life Stages
813,Drinks,references,Drinks
817,Family and life stages,references,Family and Life Stages
840,Family and life stages,references,Family and Life Stages
847,Family and life stages,references,Family and Life Stages
852,Family and life stages,references,Family and Life Stages
853,Family and life stages,references,Family and Life Stages
873,Family and life stages,references,Family and Life Stages
874,Family and life stages,references,Family and Life Stages
893,Society,references,Society
899,Business & finance,references,
899,Automotive,references,Car culture
906,Family and life stages,references,Family and Life Stages
915,Family and life stages,references,Family and Life Stages
918,Business & finance,references,
923,Business & finance,references,
932,Family and life stages,references,Family and Life Stages
938,Family and life stages,references,Family and Life Stages
939,Family and life stages,references,Family and Life Stages
940,Family and life stages,references,Family and Life Stages
952,Family and life stages,references,Family and Life Stages
953,Family and life stages,references,Family and Life Stages
956,Family and life stages,references,Family and Life Stages
966,Wellness and health,references,Wellness & Health
967,Family and life stages,references,Family and Life Stages
979,Family and life stages,references,Family and Life Stages
990,Family and life stages,references,Family and Life Stages
992,Family and life stages,references,Family and Life Stages
993,Family and life stages,references,Family and Life Stages
996,Business & finance,references,
996,Business & finance,references,
996,Society,references,Society
997,Wellness and health,references,Wellness & Health
1001,Family and life stages,references,Family and Life Stages
1009,Family and life stages,references,Family and Life Stages
1027,Business & finance,references,
1029,Family and life stages,references,Family and Life Stages
1031,Business & finance,references,
1033,Business & finance,references,
1050,Business & finance,references,
1055,Family and life stages,references,Family and Life Stages
1058,Family and life stages,references,Family and Life Stages
1063,Family and life stages,references,Family and Life Stages
1068,Family and life stages,references,Family and Life Stages
1075,Family and life stages,references,Family and Life Stages
1076,Family and life stages,references,Family and Life Stages
1077,Wellness and health,references,Wellness & Health
1106,Family and life stages,references,Family and Life Stages
1107,Family and life stages,references,Family and Life Stages
1108,Family and life stages,references,Family and Life Stages
1111,Family and life stages,references,Family and Life Stages
1113,Family and life stages,references,Family and Life Stages
1119,Family and life stages,references,Family and Life Stages
1123,Family and life stages,references,Family and Life Stages
1138,Family and life stages,references,Family and Life Stages
1140,Family and life stages,references,Family and Life Stages
1142,Family and life stages,references,Family and Life Stages
1144,Family and life stages,references,Family and Life Stages
1154,Family and life stages,references,Family and Life Stages
1155,Family and life stages,references,Family and Life Stages
1156,Family and life stages,references,Family and Life Stages
1164,Wellness and health,references,Wellness & Health
1188,Family and life stages,references,Family and Life Stages
1191,Family and life stages,references,Family and Life Stages
1194,Careers,references,Careers
1194,Family and life stages,references,Family and Life Stages
1196,Family and life stages,references,Family and Life Stages
1224,Drinks,references,Drinks
1233,Business & finance,references,
1240,Business & finance,references,
1240,Business & finance,references,
1265,Business & finance,references,
1265,Business & finance,references,
1272,Business & finance,references,
1272,Business & finance,references,
1272,Business & finance,references,
1281,Drinks,references,Drinks
1281,Drinks,references,Drinks
1281,Automotive,references,Car culture
1286,Business & finance,references,
1294,Family and life stages,references,Family and Life Stages
1295,Family and life stages,references,Family and Life Stages
1296,Family and life stages,references,Family and Life Stages
1297,Family and life stages,references,Family and Life Stages
1312,Family and life stages,references,Family and Life Stages
1315,Family and life stages,references,Family and Life Stages
1317,Business & finance,references,
1328,Family and life stages,references,Family and Life Stages
1344,Family and life stages,references,Family and Life Stages
1345,Family and life stages,references,Family and Life Stages
1379,Family and life stages,references,Family and Life Stages
1385,Family and life stages,references,Family and Life Stages
1387,Wellness and health,references,Wellness & Health
1426,Business & finance,references,
1431,Drinks,references,Drinks
1431,Drinks,references,Drinks
1468,Family and life stages,references,Family and Life Stages
1482,Business & finance,references,
1485,Family and life stages,references,Family and Life Stages
1491,Family and life stages,references,Family and Life Stages
1494,Family and life stages,references,Family and Life Stages
1498,Family and life stages,references,Family and Life Stages
1501,Business & finance,references,
1501,Business & finance,references,
1501,Business & finance,references,
1506,Family and life stages,references,Family and Life Stages
1509,Family and life stages,references,Family and Life Stages
1512,Family and life stages,references,Family and Life Stages
1516,Family and life stages,references,Family and Life Stages
1518,Family and life stages,references,Family and Life Stages
1524,Business & finance,references,
1524,Business & finance,references,
1524,Business & finance,references,
1527,Family and life stages,references,Family and Life Stages
1547,Family and life stages,references,Family and Life Stages
1548,Family and life stages,references,Family and Life Stages
1555,Family and life stages,references,Family and Life Stages
1561,Family and life stages,references,Family and Life Stages
1562,Family and life stages,references,Family and Life Stages
1563,Family and life stages,references,Family and Life Stages
1564,Business & finance,references,
1567,Family and life stages,references,Family and Life Stages
1571,Family and life stages,references,Family and Life Stages
1577,Family and life stages,references,Family and Life Stages
1579,Family and life stages,references,Family and Life Stages
1582,Business & finance,references,
1589,Family and life stages,references,Family and Life Stages
1597,Family and life stages,references,Family and Life Stages
1599,Family and life stages,references,Family and Life Stages
1608,Family and life stages,references,Family and Life Stages
1609,Family and life stages,references,Family and Life Stages
1618,Family and life stages,references,Family and Life Stages
1648,Family and life stages,references,Family and Life Stages
1670,Family and life stages,references,Family and Life Stages
1683,Family and life stages,references,Family and Life Stages
1684,Family and life stages,references,Family and Life Stages
1689,Family and life stages,references,Family and Life Stages
1696,Family and life stages,references,Family and Life Stages
1697,Family and life stages,references,Family and Life Stages
1718,Family and life stages,references,Family and Life Stages
1732,Family and life stages,references,Family and Life Stages
1733,Family and life stages,references,Family and Life Stages
1743,Drinks,references,Drinks
1750,Wellness and health,references,Wellness & Health
1753,Business & finance,references,
1760,Family and life stages,references,Family and Life Stages
1764,Family and life stages,references,Family and Life Stages
1765,Family and life stages,references,Family and Life Stages
1774,Business & finance,references,
1778,Business & finance,references,
1780,Family and life stages,references,Family and Life Stages
1781,Family and life stages,references,Family and Life Stages
1783,Drinks,references,Drinks
1785,Wellness and health,references,Wellness & Health
1793,Business & finance,references,
1793,Business & finance,references,
1804,Family and life stages,references,Family and Life Stages
1806,Family and life stages,references,Family and Life Stages
1813,Drinks,references,Drinks
1815,Family and life stages,references,Family and Life Stages
1816,Family and life stages,references,Family and Life Stages
1865,Business & finance,references,
1873,Business & finance,references,
1888,Business & finance,references,
1888,Business & finance,references,
1907,Business & finance,references,
1917,Family and life stages,references,Family and Life Stages
1932,Family and life stages,references,Family and Life Stages
1944,Family and life stages,references,Family and Life Stages
1946,Family and life stages,references,Family and Life Stages
1947,Family and life stages,references,Family and Life Stages
1949,Family and life stages,references,Family and Life Stages
1950,Family and life stages,references,Family and Life Stages
1952,Family and life stages,references,Family and Life Stages
1953,Family and life stages,references,Family and Life Stages
1960,Family and life stages,references,Family and Life Stages
1963,Family and life stages,references,Family and Life Stages
1965,Family and life stages,references,Family and Life Stages
1968,Family and life stages,references,Family and Life Stages
1970,Family and life stages,references,Family and Life Stages
1979,Family and life stages,references,Family and Life Stages
1981,Family and life stages,references,Family and Life Stages
1983,Family and life stages,references,Family and Life Stages
1984,Business & finance,references,
1991,Careers,references,Careers
1991,Family and life stages,references,Family and Life Stages
1992,Family and life stages,references,Family and Life Stages
1994,Family and life stages,references,Family and Life Stages
1997,Family and life stages,references,Family and Life Stages
1998,Family and life stages,references,Family and Life Stages
2009,Family and life stages,references,Family and Life Stages
2013,Family and life stages,references,Family and Life Stages
2016,Family and life stages,references,Family and Life Stages
2020,Family and life stages,references,Family and Life Stages
2029,Family and life stages,references,Family and Life Stages
2030,Family and life stages,references,Family and Life Stages
2033,Wellness and health,references,Wellness & Health
2046,Family and life stages,references,Family and Life Stages
2060,Family and life stages,references,Family and Life Stages
2061,Family and life stages,references,Family and Life Stages
2076,Family and life stages,references,Family and Life Stages
2077,Family and life stages,references,Family and Life Stages
2078,Family and life stages,references,Family and Life Stages
2084,Wellness and health,references,Wellness & Health
2092,Family and life stages,references,Family and Life Stages
2099,Family and life stages,references,Family and Life Stages
2102,Business & finance,references,
2108,Family and life stages,references,Family and Life Stages
2113,Family and life stages,references,Family and Life Stages
2126,Family and life stages,references,Family and Life Stages
2130,Family and life stages,references,Family and Life Stages
2132,Careers,references,Careers
2132,Family and life stages,references,Family and Life Stages
2133,Family and life stages,references,Family and Life Stages
2134,Family and life stages,references,Family and Life Stages
2135,Family and life stages,references,Family and Life Stages
2136,Family and life stages,references,Family and Life Stages
2172,Family and life stages,references,Family and Life Stages
2174,Family and life stages,references,Family and Life Stages
2176,Family and life stages,references,Family and Life Stages
2181,Society,references,Society
2190,Family and life stages,references,Family and Life Stages
2227,Family and life stages,references,Family and Life Stages
2233,Family and life stages,references,Family and Life Stages
2234,Family and life stages,references,Family and Life Stages
2235,Family and life stages,references,Family and Life Stages
2243,Family and life stages,references,Family and Life Stages
2250,Family and life stages,references,Family and Life Stages
2254,Family and life stages,references,Family and Life Stages
2255,Family and life stages,references,Family and Life Stages
2256,Family and life stages,references,Family and Life Stages
2258,Family and life stages,references,Family and Life Stages
2269,Family and life stages,references,Family and Life Stages
2276,Family and life stages,references,Family and Life Stages
2282,Family and life stages,references,Family and Life Stages
2291,Business & finance,references,
2299,Business & finance,references,
2299,Business & finance,references,
2299,Family and life stages,references,Family and Life Stages
2301,Business & finance,references,
2302,Business & finance,references,
2303,Business & finance,references,
2305,Family and life stages,references,Family and Life Stages
2312,Family and life stages,references,Family and Life Stages
2322,Family and life stages,references,Family and Life Stages
2324,Family and life stages,references,Family and Life Stages
2347,Family and life stages,references,Family and Life Stages
2348,Family and life stages,references,Family and Life Stages
2353,Family and life stages,references,Family and Life Stages
2358,Family and life stages,references,Family and Life Stages
2366,Family and life stages,references,Family and Life Stages
2379,Drinks,references,Drinks
2382,Family and life stages,references,Family and Life Stages
2391,Family and life stages,references,Family and Life Stages
2398,Family and life stages,references,Family and Life Stages
2404,Family and life stages,references,Family and Life Stages
2405,Family and life stages,references,Family and Life Stages
2418,Family and life stages,references,Family and Life Stages
2419,Family and life stages,references,Family and Life Stages
2420,Family and life stages,references,Family and Life Stages
2421,Family and life stages,references,Family and Life Stages
2422,Family and life stages,references,Family and Life Stages
2441,Family and life stages,references,Family and Life Stages
2445,Family and life stages,references,Family and Life Stages
2449,Business & finance,references,
2452,Family and life stages,references,Family and Life Stages
2469,Family and life stages,references,Family and Life Stages
2472,Family and life stages,references,Family and Life Stages
2473,Family and life stages,references,Family and Life Stages
2480,Family and life stages,references,Family and Life Stages
2481,Family and life stages,references,Family and Life Stages
2498,Automotive,references,Car culture
2505,Family and life stages,references,Family and Life Stages
2513,Family and life stages,references,Family and Life Stages
2520,Family and life stages,references,Family and Life Stages
2522,Careers,references,Careers
2529,Family and life stages,references,Family and Life Stages
2530,Family and life stages,references,Family and Life Stages
2537,Family and life stages,references,Family and Life Stages
2539,Family and life stages,references,Family and Life Stages
2555,Family and life stages,references,Family and Life Stages
2559,Family and life stages,references,Family and Life Stages
2568,Family and life stages,references,Family and Life Stages
2580,Family and life stages,references,Family and Life Stages
2589,Family and life stages,references,Family and Life Stages
2596,Drinks,references,Drinks
2607,Family and life stages,references,Family and Life Stages
2608,Family and life stages,references,Family and Life Stages
2610,Family and life stages,references,Family and Life Stages
2619,Business & finance,references,
2622,Family and life stages,references,Family and Life Stages
2629,Family and life stages,references,Family and Life Stages
2630,Fitness,references,Fitness
2630,Family and life stages,references,Family and Life Stages
2631,Family and life stages,references,Family and Life Stages
2633,Business & finance,references,
2634,Fitness,references,Fitness
2639,Business & finance,references,
2643,Family and life stages,references,Family and Life Stages
2664,Family and life stages,references,Family and Life Stages
2670,Family and life stages,references,Family and Life Stages
2681,Family and life stages,references,Family and Life Stages
2685,Family and life stages,references,Family and Life Stages
2688,Family and life stages,references,Family and Life Stages
2689,Family and life stages,references,Family and Life Stages
2715,Family and life stages,references,Family and Life Stages
2717,Business & finance,references,
2718,Family and life stages,references,Family and Life Stages
2719,Family and life stages,references,Family and Life Stages
2725,Family and life stages,references,Family and Life Stages
2729,Family and life stages,references,Family and Life Stages
2734,Family and life stages,references,Family and Life Stages
2735,Family and life stages,references,Family and Life Stages
2740,Business & finance,references,
2741,Business & finance,references,
2742,Family & relationships,references,Hobbies and interests
2758,Wellness and health,references,Wellness & Health
2759,Wellness and health,references,Wellness & Health
2804,Business & finance,references,
2806,Business & finance,references,
2807,Business & finance,references,
2808,Business & finance,references,
2817,Wellness and health,references,Wellness & Health
2818,Careers,references,Careers
2820,Business & finance,references,
2841,Business & finance,references,
2841,Business & finance,references,
2845,Family and life stages,references,Family and Life Stages
2846,Business & finance,references,
2846,Business & finance,references,
2848,Business & finance,references,
2849,Family and life stages,references,Family and Life Stages
2856,Family and life stages,references,Family and Life Stages
2882,Family and life stages,references,Family and Life Stages
2883,Family and life stages,references,Family and Life Stages
2898,Family and life stages,references,Family and Life Stages
2913,Family and life stages,references,Family and Life Stages
2915,Family and life stages,references,Family and Life Stages
2916,Family and life stages,references,Family and Life Stages
2919,Family and life stages,references,Family and Life Stages
2922,Family and life stages,references,Family and Life Stages
2936,Family and life stages,references,Family and Life Stages
2937,Family and life stages,references,Family and Life Stages
2938,Family and life stages,references,Family and Life Stages
2942,Family and life stages,references,Family and Life Stages
2943,Family and life stages,references,Family and Life Stages
2947,Family and life stages,references,Family and Life Stages
2961,Drinks,references,Drinks
2965,Family and life stages,references,Family and Life Stages
2970,Family and life stages,references,Family and Life Stages
2971,Business & finance,references,
2974,Family and life stages,references,Family and Life Stages
2976,Careers,references,Careers
2976,Family and life stages,references,Family and Life Stages
2983,Family and life stages,references,Family and Life Stages
2997,Automotive,references,Car culture
3008,Family and life stages,references,Family and Life Stages
3012,Family and life stages,references,Family and Life Stages
3013,Business & finance,references,
3016,Family and life stages,references,Family and Life Stages
3021,Family and life stages,references,Family and Life Stages
3027,Family and life stages,references,Family and Life Stages
3029,Family and life stages,references,Family and Life Stages
3033,Family and life stages,references,Family and Life Stages
3050,Family and life stages,references,Family and Life Stages
3060,Family and life stages,references,Family and Life Stages
3063,Drinks,references,Drinks
3065,Family and life stages,references,Family and Life Stages
3068,Family and life stages,references,Family and Life Stages
3069,Family and life stages,references,Family and Life Stages
3070,Family and life stages,references,Family and Life Stages
3072,Family and life stages,references,Family and Life Stages
3090,Family and life stages,references,Family and Life Stages
3097,Society,references,Society
3099,Business & finance,references,
3105,Family and life stages,references,Family and Life Stages
3106,Family and life stages,references,Family and Life Stages
3107,Family and life stages,references,Family and Life Stages
3111,Family and life stages,references,Family and Life Stages
3117,Business & finance,references,
3118,Family and life stages,references,Family and Life Stages
3131,Family and life stages,references,Family and Life Stages
3132,Family and life stages,references,Family and Life Stages
3138,Family and life stages,references,Family and Life Stages
3141,Family and life stages,references,Family and Life Stages
3142,Family and life stages,references,Family and Life Stages
3147,Business & finance,references,
3164,Family and life stages,references,Family and Life Stages
3177,Family and life stages,references,Family and Life Stages
3178,Family and life stages,references,Family and Life Stages
3180,Family and life stages,references,Family and Life Stages
3181,Family and life stages,references,Family and Life Stages
3187,Business & finance,references,
3200,Family and life stages,references,Family and Life Stages
3207,Family and life stages,references,Family and Life Stages
3224,Drinks,references,Drinks
3228,Family and life stages,references,Family and Life Stages
3231,Family and life stages,references,Family and Life Stages
3232,Family and life stages,references,Family and Life Stages
3235,Family and life stages,references,Family and Life Stages
3240,Family and life stages,references,Family and Life Stages
3255,Business & finance,references,
3265,Business & finance,references,
3265,Business & finance,references,
3265,Business & finance,references,
3273,Drinks,references,Drinks
3275,Family and life stages,references,Family and Life Stages
3276,Family and life stages,references,Family and Life Stages
3278,Family and life stages,references,Family and Life Stages
3282,Family and life stages,references,Family and Life Stages
3290,Drinks,references,Drinks
3292,Wellness and health,references,Wellness & Health
3297,Family and life stages,references,Family and Life Stages
3298,Family and life stages,references,Family and Life Stages
3315,Family and life stages,references,Family and Life Stages
3316,Family and life stages,references,Family and Life Stages
3317,Family and life stages,references,Family and Life Stages
3318,Business & finance,references,
3318,Business & finance,references,
3369,Family and life stages,references,Family and Life Stages
3370,Family and life stages,references,Family and Life Stages
3374,Family and life stages,references,Family and Life Stages
3375,Family and life stages,references,Family and Life Stages
3386,Business & finance,references,
3398,Family and life stages,references,Family and Life Stages
3399,Business & finance,references,
3401,Family and life stages,references,Family and Life Stages
3428,Business & finance,references,
3435,Business & finance,references,
3443,Family and life stages,references,Family and Life Stages
3444,Family and life stages,references,Family and Life Stages
3445,Family and life stages,references,Family and Life Stages
3446,Family and life stages,references,Family and Life Stages
3450,Family and life stages,references,Family and Life Stages
3452,Family and life stages,references,Family and Life Stages
3453,Family and life stages,references,Family and Life Stages
3458,Family and life stages,references,Family and Life Stages
3462,Family and life stages,references,Family and Life Stages
3463,Drinks,references,Drinks
3466,Family and life stages,references,Family and Life Stages
3482,Family and life stages,references,Family and Life Stages
3492,Family and life stages,references,Family and Life Stages
3495,Drinks,references,Drinks
3501,Family and life stages,references,Family and Life Stages
3522,Family and life stages,references,Family and Life Stages
3524,Family and life stages,references,Family and Life Stages
3525,Family and life stages,references,Family and Life Stages
3534,Family and life stages,references,Family and Life Stages
3537,Family and life stages,references,Family and Life Stages
3538,Family and life stages,references,Family and Life Stages
3539,Family and life stages,references,Family and Life Stages
3548,Family and life stages,references,Family and Life Stages
3570,Family and life stages,references,Family and Life Stages
3573,Family and life stages,references,Family and Life Stages
3574,Family and life stages,references,Family and Life Stages
3582,Business & finance,references,
3587,Family and life stages,references,Family and Life Stages
3604,Family and life stages,references,Family and Life Stages
3611,Family and life stages,references,Family and Life Stages
3614,Family and life stages,references,Family and Life Stages
3626,Family and life stages,references,Family and Life Stages
3640,Family and life stages,references,Family and Life Stages
3650,Family and life stages,references,Family and Life Stages
3655,Family and life stages,references,Family and Life Stages
3656,Beauty,references,Beauty
3663,Family and life stages,references,Family and Life Stages
3664,Family and life stages,references,Family and Life Stages
3671,Family and life stages,references,Family and Life Stages
3672,Family and life stages,references,Family and Life Stages
3675,Family and life stages,references,Family and Life Stages
3682,Family and life stages,references,Family and Life Stages
3686,Business & finance,references,
3688,Family and life stages,references,Family and Life Stages
3690,Family and life stages,references,Family and Life Stages
3696,Drinks,references,Drinks
3700,Family and life stages,references,Family and Life Stages
3706,Family and life stages,references,Family and Life Stages
3708,Automotive,references,Car culture
3717,Family and life stages,references,Family and Life Stages
3742,Drinks,references,Drinks
3742,Drinks,references,Drinks
3743,Family and life stages,references,Family and Life Stages
3748,Family and life stages,references,Family and Life Stages
3749,Family and life stages,references,Family and Life Stages
3752,Family and life stages,references,Family and Life Stages
3753,Family and life stages,references,Family and Life Stages
3755,Family and life stages,references,Family and Life Stages
3759,Family and life stages,references,Family and Life Stages
3764,Family and life stages,references,Family and Life Stages
3767,Family and life stages,references,Family and Life Stages
3769,Family and life stages,references,Family and Life Stages
3770,Family and life stages,references,Family and Life Stages
3771,Family and life stages,references,Family and Life Stages
3780,Family and life stages,references,Family and Life Stages
3785,Family and life stages,references,Family and Life Stages
3787,Careers,references,Careers
3791,Family and life stages,references,Family and Life Stages
3794,Careers,references,Careers
3795,Automotive,references,Car culture
3796,Automotive,references,Car culture
3797,Family and life stages,references,Family and Life Stages
3804,Family and life stages,references,Family and Life Stages
3807,Family and life stages,references,Family and Life Stages
3808,Family and life stages,references,Family and Life Stages
3811,Family and life stages,references,Family and Life Stages
3819,Business & finance,references,
3820,Family and life stages,references,Family and Life Stages
3830,Family and life stages,references,Family and Life Stages
3831,Family and life stages,references,Family and Life Stages
3832,Family and life stages,references,Family and Life Stages
3836,Careers,references,Careers
3845,Family and life stages,references,Family and Life Stages
3846,Business & finance,references,
3854,Business & finance,references,
3854,Business & finance,references,
3885,Family and life stages,references,Family and Life Stages
3900,Family and life stages,references,Family and Life Stages
3901,Family and life stages,references,Family and Life Stages
3913,Family and life stages,references,Family and Life Stages
3914,Family and life stages,references,Family and Life Stages
3916,Family and life stages,references,Family and Life Stages
3917,Family and life stages,references,Family and Life Stages
3918,Family and life stages,references,Family and Life Stages
3920,Family and life stages,references,Family and Life Stages
3922,Family and life stages,references,Family and Life Stages
3933,Family and life stages,references,Family and Life Stages
3935,Family and life stages,references,Family and Life Stages
3952,Family and life stages,references,Family and Life Stages
3953,Family and life stages,references,Family and Life Stages
3956,Family and life stages,references,Family and Life Stages
3965,Family and life stages,references,Family and Life Stages
3968,Family and life stages,references,Family and Life Stages
3973,Family and life stages,references,Family and Life Stages
3974,Family and life stages,references,Family and Life Stages
3978,Family and life stages,references,Family and Life Stages
3984,Family and life stages,references,Family and Life Stages
4014,Business & finance,references,
4014,Business & finance,references,
4019,Family and life stages,references,Family and Life Stages
4031,Wellness and health,references,Wellness & Health
4033,Family and life stages,references,Family and Life Stages
4041,Drinks,references,Drinks
4045,Family and life stages,references,Family and Life Stages
4051,Family and life stages,references,Family and Life Stages
4054,Family and life stages,references,Family and Life Stages
4056,Family and life stages,references,Family and Life Stages
4058,Family and life stages,references,Family and Life Stages
4077,Drinks,references,Drinks
4079,Business & finance,references,
4087,Family and life stages,references,Family and Life Stages
4093,Family and life stages,references,Family and Life Stages
4094,Family and life stages,references,Family and Life Stages
4115,Family and life stages,references,Family and Life Stages
4117,Family and life stages,references,Family and Life Stages
4118,Family and life stages,references,Family and Life Stages
4123,Family and life stages,references,Family and Life Stages
4134,Wellness and health,references,Wellness & Health
4138,Family and life stages,references,Family and Life Stages
4142,Family and life stages,references,Family and Life Stages
4143,Family and life stages,references,Family and Life Stages
4144,Family and life stages,references,Family and Life Stages
4147,Drinks,references,Drinks
4155,Business & finance,references,
4155,Business & finance,references,
4157,Wellness and health,references,Wellness & Health
4161,Business & finance,references,
4167,Drinks,references,Drinks
4191,Family and life stages,references,Family and Life Stages
4193,Family and life stages,references,Family and Life Stages
4195,Family and life stages,references,Family and Life Stages
4209,Family and life stages,references,Family and Life Stages
4217,Drinks,references,Drinks
4220,Family and life stages,references,Family and Life Stages
4230,Family and life stages,references,Family and Life Stages
4233,Family and life stages,references,Family and Life Stages
4239,Wellness and health,references,Wellness & Health
4263,Family and life stages,references,Family and Life Stages
4272,Family and life stages,references,Family and Life Stages
4273,Family and life stages,references,Family and Life Stages
4274,Family and life stages,references,Family and Life Stages
4277,Family and life stages,references,Family and Life Stages
4287,Family and life stages,references,Family and Life Stages
4291,Family and life stages,references,Family and Life Stages
4293,Careers,references,Careers
4293,Family and life stages,references,Family and Life Stages
4296,Family and life stages,references,Family and Life Stages
4297,Family and life stages,references,Family and Life Stages
4298,Family and life stages,references,Family and Life Stages
4299,Family and life stages,references,Family and Life Stages
4307,Family and life stages,references,Family and Life Stages
4310,Family and life stages,references,Family and Life Stages
4315,Family and life stages,references,Family and Life Stages
4325,Family and life stages,references,Family and Life Stages
4330,Family and life stages,references,Family and Life Stages
4331,Family and life stages,references,Family and Life Stages
4333,Family and life stages,references,Family and Life Stages
4338,Family and life stages,references,Family and Life Stages
4341,Family and life stages,references,Family and Life Stages
4347,Family and life stages,references,Family and Life Stages
4360,Family and life stages,references,Family and Life Stages
4379,Family and life stages,references,Family and Life Stages
4388,Family and life stages,references,Family and Life Stages
4393,Family and life stages,references,Family and Life Stages
4396,Family and life stages,references,Family and Life Stages
4397,Family and life stages,references,Family and Life Stages
4404,Wellness and health,references,Wellness & Health
4407,Family and life stages,references,Family and Life Stages
4416,Family and life stages,references,Family and Life Stages
4437,Family and life stages,references,Family and Life Stages
4442,Family and life stages,references,Family and Life Stages
4459,Family and life stages,references,Family and Life Stages
4461,Family and life stages,references,Family and Life Stages
4462,Family and life stages,references,Family and Life Stages
4464,Family and life stages,references,Family and Life Stages
4467,Family and life stages,references,Family and Life Stages
4470,Family and life stages,references,Family and Life Stages
4475,Family and life stages,references,Family and Life Stages
4476,Family and life stages,references,Family and Life Stages
4481,Family and life stages,references,Family and Life Stages
4487,Family and life stages,references,Family and Life Stages
4488,Family and life stages,references,Family and Life Stages
4489,Family and life stages,references,Family and Life Stages
4491,Family and life stages,references,Family and Life Stages
4494,Family and life stages,references,Family and Life Stages
4495,Family and life stages,references,Family and Life Stages
4500,Family and life stages,references,Family and Life Stages
4504,Family and life stages,references,Family and Life Stages
4505,Family and life stages,references,Family and Life Stages
4506,Family and life stages,references,Family and Life Stages
4507,Family and life stages,references,Family and Life Stages
4508,Family and life stages,references,Family and Life Stages
4511,Family and life stages,references,Family and Life Stages
4512,Family and life stages,references,Family and Life Stages
4517,Business & finance,references,
4520,Family and life stages,references,Family and Life Stages
4521,Family and life stages,references,Family and Life Stages
4522,Family and life stages,references,Family and Life Stages
4528,Family and life stages,references,Family and Life Stages
4530,Family and life stages,references,Family and Life Stages
4533,Family and life stages,references,Family and Life Stages
4539,Family and life stages,references,Family and Life Stages
4540,Business & finance,references,
4546,Family and life stages,references,Family and Life Stages
4547,Family and life stages,references,Family and Life Stages
4558,Family and life stages,references,Family and Life Stages
4566,Wellness and health,references,Wellness & Health
4567,Family and life stages,references,Family and Life Stages
4571,Family and life stages,references,Family and Life Stages
4572,Business & finance,references,
4582,Family and life stages,references,Family and Life Stages
4583,Wellness and health,references,Wellness & Health
4587,Family and life stages,references,Family and Life Stages
4591,Family and life stages,references,Family and Life Stages
4592,Family and life stages,references,Family and Life Stages
4603,Family and life stages,references,Family and Life Stages
4644,Business & finance,references,
4654,Family and life stages,references,Family and Life Stages
4658,Beauty,references,Beauty
4663,Family and life stages,references,Family and Life Stages
4663,Family and life stages,references,Family and Life Stages
4671,Family and life stages,references,Family and Life Stages
4680,Careers,references,Careers
4700,Business & finance,references,
4707,Family and life stages,references,Family and Life Stages
4711,Family and life stages,references,Family and Life Stages
4806,Drinks,references,Drinks
4819,Family and life stages,references,Family and Life Stages
4820,Drinks,references,Drinks
4838,Family and life stages,references,Family and Life Stages
4839,Family and life stages,references,Family and Life Stages
4840,Family and life stages,references,Family and Life Stages
4848,Family and life stages,references,Family and Life Stages
4850,Family and life stages,references,Family and Life Stages
4851,Family and life stages,references,Family and Life Stages
4852,Family and life stages,references,Family and Life Stages
4853,Family and life stages,references,Family and Life Stages
4856,Family and life stages,references,Family and Life Stages
4876,Family and life stages,references,Family and Life Stages
4893,Family and life stages,references,Family and Life Stages
4894,Family and life stages,references,Family and Life Stages
4897,Family and life stages,references,Family and Life Stages
4906,Family and life stages,references,Family and Life Stages
4907,Family and life stages,references,Family and Life Stages
4912,Family and life stages,references,Family and Life Stages
4920,Family and life stages,references,Family and Life Stages
4922,Business & finance,references,
4926,Family and life stages,references,Family and Life Stages
4931,Family and life stages,references,Family and Life Stages
4935,Family and life stages,references,Family and Life Stages
4936,Family and life stages,references,Family and Life Stages
4937,Family and life stages,references,Family and Life Stages
4941,Family and life stages,references,Family and Life Stages
4950,Family and life stages,references,Family and Life Stages
4951,Family and life stages,references,Family and Life Stages
4952,Business & finance,references,
4984,Family and life stages,references,Family and Life Stages
4985,Family and life stages,references,Family and Life Stages
4987,Family and life stages,references,Family and Life Stages
5011,Family and life stages,references,Family and Life Stages
5021,Business & finance,references,
5021,Business & finance,references,
5023,Family and life stages,references,Family and Life Stages
5035,Family and life stages,references,Family and Life Stages
5046,Business & finance,references,
5046,Business & finance,references,
5053,Family and life stages,references,Family and Life Stages
5080,Family and life stages,references,Family and Life Stages
5089,Family and life stages,references,Family and Life Stages
5090,Family and life stages,references,Family and Life Stages
5091,Family and life stages,references,Family and Life Stages
5092,Family and life stages,references,Family and Life Stages
5103,Family and life stages,references,Family and Life Stages
5104,Family and life stages,references,Family and Life Stages
5117,Family and life stages,references,Family and Life Stages
5119,Family and life stages,references,Family and Life Stages
5123,Family and life stages,references,Family and Life Stages
5133,Family and life stages,references,Family and Life Stages
5134,Society,references,Society
5151,Automotive,references,Car culture
5161,Family and life stages,references,Family and Life Stages
5175,Family and life stages,references,Family and Life Stages
5177,Family and life stages,references,Family and Life Stages
5187,Family and life stages,references,Family and Life Stages
5196,Family and life stages,references,Family and Life Stages
5202,Family and life stages,references,Family and Life Stages
5208,Family and life stages,references,Family and Life Stages
5211,Family and life stages,references,Family and Life Stages
5212,Family and life stages,references,Family and Life Stages
5223,Family and life stages,references,Family and Life Stages
5229,Family and life stages,references,Family and Life Stages
5231,Family and life stages,references,Family and Life Stages
5232,Family and life stages,references,Family and Life Stages
5233,Family and life stages,references,Family and Life Stages
5234,Family and life stages,references,Family and Life Stages
5235,Family and life stages,references,Family and Life Stages
5258,Family and life stages,references,Family and Life Stages
5264,Family and life stages,references,Family and Life Stages
5290,Family and life stages,references,Family and Life Stages
5294,Family and life stages,references,Family and Life Stages
5295,Family and life stages,references,Family and Life Stages
5296,Family and life stages,references,Family and Life Stages
5301,Family and life stages,references,Family and Life Stages
5306,Business & finance,references,
5318,Business & finance,references,
5332,Family and life stages,references,Family and Life Stages
5365,Family and life stages,references,Family and Life Stages
5367,Family and life stages,references,Family and Life Stages
5385,Family and life stages,references,Family and Life Stages
5386,Family and life stages,references,Family and Life Stages
5399,Family and life stages,references,Family and Life Stages
5401,Family and life stages,references,Family and Life Stages
5402,Family and life stages,references,Family and Life Stages
5407,Family and life stages,references,Family and Life Stages
5408,Family and life stages,references,Family and Life Stages
5410,Family and life stages,references,Family and Life Stages
5423,Wellness and health,references,Wellness & Health
5424,Family and life stages,references,Family and Life Stages
5437,Family and life stages,references,Family and Life Stages
5445,Family and life stages,references,Family and Life Stages
5446,Family and life stages,references,Family and Life Stages
5453,Family and life stages,references,Family and Life Stages
5458,Careers,references,Careers
5462,Family and life stages,references,Family and Life Stages
5464,Careers,references,Careers
5467,Family and life stages,references,Family and Life Stages
5478,Family and life stages,references,Family and Life Stages
5479,Family and life stages,references,Family and Life Stages
5481,Careers,references,Careers
5481,Family and life stages,references,Family and Life Stages
5483,Family and life stages,references,Family and Life Stages
5484,Family and life stages,references,Family and Life Stages
5485,Family and life stages,references,Family and Life Stages
5486,Wellness and health,references,Wellness & Health
5488,Family and life stages,references,Family and Life Stages
5515,Family and life stages,references,Family and Life Stages
5544,Business & finance,references,
5544,Business & finance,references,
5563,Family and life stages,references,Family and Life Stages
5567,Family and life stages,references,Family and Life Stages
5572,Business & finance,references,
5572,Business & finance,references,
5584,Family and life stages,references,Family and Life Stages
5592,Family and life stages,references,Family and Life Stages
5593,Family and life stages,references,Family and Life Stages
5594,Family and life stages,references,Family and Life Stages
5595,Family and life stages,references,Family and Life Stages
5597,Family and life stages,references,Family and Life Stages
5599,Family and life stages,references,Family and Life Stages
5624,Family and life stages,references,Family and Life Stages
5629,Business & finance,references,
5629,Business & finance,references,
5635,Drinks,references,Drinks
5647,Family and life stages,references,Family and Life Stages
5648,Family and life stages,references,Family and Life Stages
5664,Family and life stages,references,Family and Life Stages
5676,Family and life stages,references,Family and Life Stages
5677,Family and life stages,references,Family and Life Stages
5679,Careers,references,Careers
5679,Family and life stages,references,Family and Life Stages
5680,Family and life stages,references,Family and Life Stages
5693,Family and life stages,references,Family and Life Stages
5705,Wellness and health,references,Wellness & Health
5729,Family and life stages,references,Family and Life Stages
5749,Business & finance,references,
5749,Business & finance,references,
5749,Business & finance,references,
5764,Business & finance,references,
5775,Family and life stages,references,Family and Life Stages
5780,Family and life stages,references,Family and Life Stages
5850,Business & finance,references,
5868,Business & finance,references,
5868,Business & finance,references,
5883,Family and life stages,references,Family and Life Stages
5888,Family and life stages,references,Family and Life Stages
5896,Drinks,references,Drinks
5904,Family and life stages,references,Family and Life Stages
5929,Family and life stages,references,Family and Life Stages
5931,Family and life stages,references,Family and Life Stages
5941,Family and life stages,references,Family and Life Stages
5943,Family and life stages,references,Family and Life Stages
5945,Family and life stages,references,Family and Life Stages
5960,Family and life stages,references,Family and Life Stages
5965,Family and life stages,references,Family and Life Stages
5970,Family and life stages,references,Family and Life Stages
5982,Family and life stages,references,Family and Life Stages
5991,Family and life stages,references,Family and Life Stages
6002,Family and life stages,references,Family and Life Stages
6009,Family and life stages,references,Family and Life Stages
6013,Family and life stages,references,Family and Life Stages
6018,Family and life stages,references,Family and Life Stages
6019,Family and life stages,references,Family and Life Stages
6020,Family and life stages,references,Family and Life Stages
6021,Family and life stages,references,Family and Life Stages
