Congressperson,State,Party Affiliation,House or Senate,District,Race,Gender,Birthdate,Background,Twitter Handle
Jerry Carl,AL,R,House,1,White,M,6/17/58,Political,RepJerryCarl
Barry Moore,AL,R,House,2,White,M,9/26/66,Political,RepBarryMoore
Mike Rogers,AL,R,House,3,White,M,7/16/58,Political,RepMikeRogersAL
Robert Aderholt,AL,R,House,4,White,M,7/22/65,Legal,Robert_Aderholt
Mo Brooks,AL,R,House,5,White,M,4/29/54,Political,RepMoBrooks
Gary Palmer,AL,R,House,6,White,M,5/14/54,Political,USRepGaryPalmer
Terri Sewell,AL,D,House,7,Black,F,1/1/65,Legal,RepTerriSewell
Don Young,AK,R,House,At-Large,White,M,6/9/33,Political,RepDonYoung
Tom O'Halleran,AZ,D,House,1,White,M,1/24/46,Political,repohalleran
Ann Kirkpatrick,AZ,D,House,2,White,F,3/24/50,Political,RepKirkpatrick
Raul Grijaiva,AZ,D,House,3,Hispanic,M,2/19/48,Political,RepraulGrijalva
Paul Gosar,AZ,R,House,4,White,M,11/27/58,Medical,RepGosar
Andy Biggs,AZ,R,House,5,White,M,11/7/58,Political,RepAndyBiggsAZ
David Schweikert,AZ,R,House,6,White,M,3/3/62,Political,RepDavid
Ruben Gallego,AZ,D,House,7,Hispanic,M,11/20/79,Political,RepRubenGallego
Debbie Lesko,AZ,R,House,8,White,F,11/14/58,Political,RepDLesko
Greg Stanton,AZ,D,House,9,White,M,3/8/70,Political,RepGregStanton
Rick Crawford,AR,R,House,1,White,M,1/22/66,"Media, Business",RepRickCrawford
French Hill,AR,R,House,2,White,M,12/5/56,Business,RepFrenchHill
Steve Womack,AR,R,House,3,White,M,2/18/57,Political,rep_stevewomack
Bruce Westerman,AR,R,House,4,White,M,11/18/67,Political,RepWesterman
Doug LaMalfa,CA,R,House,1,White,M,7/2/60,Political,RepLaMalfa
Jared Huffman,CA,D,House,2,White,M,2/18/64,Political,RepHuffman
John Garamendi,CA,D,House,3,Hispanic,M,1/24/45,Political,RepGaramendi
Tom McClintock,CA,R,House,4,White,M,7/10/56,Political,RepMcCLintock
Mike Thompson,CA,D,House,5,White,M,1/24/51,Political,RepThompson
Doris Matsui,CA,D,House,6,Asian,F,9/25/44,Political,DorisMatsui
Ami Bera,CA,D,House,7,Asian,M,3/2/65,Medical,RepBera
Jay Obernoite,CA,R,House,8,White,M,8/18/70,Political,JayObernolte
Jerry McNerney,CA,D,House,9,White,M,6/18/51,Engineering,RepMcNerney
Josh Harder,CA,D,House,10,White,M,8/1/86,"Business, Academic",RepJoshHarder
Mark DeSaulnier,CA,D,House,11,White,M,3/31/52,Political,RepDeSaulnier
Nancy Pelosi,CA,D,House,12,White,F,3/26/40,Political,SpeakerPelosi
Barbara Lee,CA,D,House,13,Black,F,7/16/46,Political,RepBarbaraLee
Jackie Speier,CA,D,House,14,White,F,5/14/50,Political,RepSpeier
Eric Swalwell,CA,D,House,15,White,M,11/16/80,Political,RepSwalwell
Jim Costa,CA,D,House,16,Hispanic,M,4/13/52,Political,RepJimCosta
Ro Khanna,CA,D,House,17,Asian,M,9/13/76,Legal,RepRoKhanna
Anna Eshoo,CA,D,House,18,White,F,12/13/42,Political,RepAnnaEshoo
Zoe Lofgren,CA,D,House,19,White,F,12/21/47,"Political, Legal",RepZoeLofgren
Jimmy Panetta,CA,D,House,20,White,M,10/1/69,Legal,RepJimmyPanetta
David Valadao,CA,R,House,21,Hispanic,M,4/14/77,"Political, Agricultural",RepDavidValadao
Devin Nunes,CA,R,House,22,Hispanic,M,10/1/73,Political,RepDevinNunes
Kevin McCarthy,CA,R,House,23,White,M,1/26/65,Political,GOPLeader
Salud Carbajal,CA,D,House,24,Hispanic,M,11/18/64,Political,RepCarbajal
Mike Garcia,CA,R,House,25,Hispanic,M,4/24/76,"Business, Military",repmikegarcia
Julia Brownley,CA,D,House,26,White,F,8/28/52,Political,RepBrownley
Judy Chu,CA,D,House,27,Asian,F,7/7/53,Political,RepJudyChu
Adam Schiff,CA,D,House,28,White,M,6/22/60,"Political, Legal",RepAdamSchiff
Tony Cárdenas,CA,D,House,29,Hispanic,M,3/31/63,Political,RepCardenas
Brad Sherman,CA,D,House,30,White,M,10/24/54,Political,BradSherman
Pete Aguilar,CA,D,House,31,Hispanic,M,6/19/79,Political,reppeteaguilar
Grace Napolitano,CA,D,House,32,Hispanic,F,12/4/36,Political,GraceNapolitano
Ted Lieu,CA,D,House,33,Asian,M,3/29/69,Political,RepTedLieu
Jimmy Gomez,CA,D,House,34,Hispanic,M,11/25/74,Political,RepJimmyGomez
Norma Torres,CA,D,House,35,Hispanic,F,4/4/65,Political,NormaJTorres
Raul Ruiz,CA,D,House,36,Hispanic,M,8/25/72,Medical,RepRaulRuizMD
Karen Bass,CA,D,House,37,Black,F,10/3/53,Political,RepKarenBass
Linda Sánchez,CA,D,House,38,White,F,1/28/69,Legal,RepLindaSanchez
Young Kim,CA,R,House,39,Asian,F,10/18/62,Political,RepYoungKim
Lucille Roybal-Allard,CA,D,House,40,Hispanic,F,6/12/41,Business,RepRoybalAllard
Mark Takano,CA,D,House,41,Asian,M,12/10/60,Education,RepMarkTakano
Ken Calvert,CA,R,House,42,White,M,6/8/53,Business,KenCalvert
Maxine Waters,CA,D,House,43,Black,F,8/15/38,Political,RepMaxineWaters
Nannette Barragán,CA,D,House,44,Hispanic,F,9/15/76,Political,RepBarragan
Katie Porter,CA,D,House,45,White,F,1/3/74,"Legal, Aademic",RepKatiePorter
Lou Correa,CA,D,House,46,Hispanic,M,1/24/58,Political,reploucorrea
Alan Lowenthal,CA,D,House,47,White,M,3/8/41,Political,RepLowenthal
Michelle Steel,CA,R,House,48,Asian,F,6/21/55,Political,RepSteel
Mike Levin,CA,D,House,49,Hispanic,M,10/20/78,Political,RepMikeLevin
Darrell Issa,CA,R,House,50,White,M,11/1/53,"Business, Political",DarrellIssa
Juan Vargas,CA,D,House,51,Hispanic,M,3/7/61,Political,RepJuanVargas
Scott Peters,CA,D,House,52,White,M,6/17/58,Political,RepScottPeters
Sara Jacobs,CA,D,House,53,White,F,2/1/89,Political,RepSaraJacobs
Diana DeGette,CO,D,House,1,White,F,6/29/57,Political,RepDianaDeGette
Joe Neguse,CO,D,House,2,Black,M,5/13/84,Political,RepJoeNeguse
Lauren Boebert,CO,R,House,3,White,F,12/15/86,Business,RepBoebert
Ken Buck,CO,R,House,4,White,M,2/16/59,Legal,RepKenBuck
Doug Lamborn,CO,R,House,5,White,M,5/24/54,Political,RepDLamborn
Jason Crow,CO,D,House,6,White,M,3/15/79,"Legal, Military",RepJasonCrow
Ed Perlmutter,CO,D,House,7,White,M,5/1/53,Political,RepPerlmutter
John B. Larson,CT,D,House,1,White,M,7/22/48,Political,RepJohnLarson
Joe Courtney,CT,D,House,2,White,M,4/6/53,Political,RepJoeCourtney
Rosa DeLauro,CT,D,House,3,White,F,3/2/43,Political,rosadelauro
Jim Himes,CT,D,House,4,White,M,7/5/66,Business,jahimes
Jahana Hayes,CT,D,House,5,Black,F,3/8/73,Education,RepJahanaHayes
Lisa Blunt Rochster,DE,D,House,At-Large,Black,F,2/10/62,Political,RepLBR
Matt Gaetz,FL,R,House,1,White,M,5/7/82,Political,RepMattGaetz
Neal Dunn,FL,R,House,2,White,M,2/16/53,Medical,drnealdunnfl2
Kat Cammack,FL,R,House,3,White,M,2/16/88,Political,RepKatCammack
John Rutherford,FL,R,House,4,White,M,9/2/52,Law Enforcement,RepRutherfordFL
Al Lawson,FL,D,House,5,Black,M,9/23/48,Political,RepAlLawsonJr
Michael Waltz,FL,R,House,6,White,M,1/31/74,Military,michaelgwaltz
Stephanie Murphy,FL,D,House,7,Asian,F,9/16/78,Political,RepStephMurphy
Bill Posey,FL,R,House,8,White,M,12/18/47,Political,CongBillPosey
Darren Soto,FL,D,House,9,Hispanic,M,2/25/78,Political,RepDarrenSoto
Val Demings,FL,D,House,10,Black,F,3/12/57,Law Enforcement,RepValDemings
Daniel Webster,FL,R,House,11,White,M,4/27/49,Political,RepWebster
Gus Bilirakis,FL,R,House,12,White,M,2/8/63,Political,RepGusBilirakis
Charlie Crist,FL,D,House,13,White,M,7/24/56,Political,repcharliecrist
Kathy Castor,FL,D,House,14,White,F,8/20/66,"Political, Legal",USRepKCastor
Scott Franklin,FL,R,House,15,White,M,8/23/64,Political,RepFranklin
Vern Buchanan,FL,R,House,16,White,M,5/8/51,Business,VernBuchanan
Greg Steube,FL,R,House,17,White,M,5/19/78,Political,RepGregSteube
Brian Mast,FL,R,House,18,Hispanic,M,7/10/80,Military,repbrianmast
Byron Donalds,FL,R,House,19,Black,M,10/26/78,Political,ByronDonalds
Lois Frankel,FL,D,House,21,White,F,5/16/48,Political,RepLoisFrankel
Ted Deutch,FL,D,House,22,White,M,5/7/66,Political,RepTedDeutch
Debbie Wasserman Schultz,FL,D,House,23,White,F,9/27/66,Political,RepDWStweets
Frederica Wilson,FL,D,House,24,Black,F,11/5/42,Political,RepWilson
Mario Díaz-Balart,FL,R,House,25,Hispanic,M,9/25/61,Political,MarioDB
Carlos Giménez,FL,R,House,26,Hispanic,F,1/17/54,Political,RepCarlos
Maria Elvira Salazar,FL,R,House,27,Hispanic,F,11/1/61,"Media, Business",RepMariaSalazar
Buddy Carter,GA,R,House,1,White,M,9/6/57,Political,RepBuddyCarter
Sanford Bishop,GA,D,House,2,Black,M,2/4/47,Political,SanfordBishop
Drew Ferguson,GA,R,House,3,White,M,11/15/66,Political,RepDrewFerguson
Hank Johnson,GA,D,House,4,Black,M,10/2/54,Legal,RepHankJohnson
Nikema Williams,GA,D,House,5,Black,F,7/30/78,Political,RepNikema
Lucy McBath,GA,D,House,6,Black,F,6/1/60,Political,replucymcbath
Carolyn Bourdeaux,GA,D,House,7,White,F,6/3/70,Academic,RepBourdeaux
Austin Scott,GA,R,House,8,White,M,12/10/69,Political,AustinScottGA08
Andrew Clyde,GA,R,House,9,White,M,11/22/63,Military,Rep_Clyde
Jody Hice,GA,R,House,10,White,M,4/22/60,"Media, Religious",congressmanhice
Barry Loudermilk,GA,R,House,11,White,M,12/22/63,Political,RepLoudermilk
Rick W. Allen,GA,R,House,12,White,M,11/7/51,Business,reprickallen
David Scott,GA,D,House,13,Black,M,6/27/45,Political,RepDavidScott
Marjorie Taylor Greene,GA,R,House,14,White,F,8/27/74,"Business, Political",RepMTG
Ed Case,HI,D,House,1,White,M,9/27/52,Political,RepEdCase
Kai Kahele,HI,D,House,2,"Asian, Indigenous",M,3/28/74,Political,RepKahele
Russ Fulcher,ID,R,House,1,White,M,3/9/62,Political,RepRussFulcher
Mike Simpson,ID,R,House,2,White,M,9/8/50,Political,CongMikeSimpson
Bobby Rush,IL,D,House,1,Black,M,11/23/46,Political,RepBobbyRush
Robin Kelly,IL,D,House,2,Black,F,4/30/56,Political,RepRobinKelly
Marie Newman,IL,D,House,3,White,F,4/13/64,"Business, Political",RepMarieNewman
Jesús García,IL,D,House,4,Hispanic,M,4/12/56,Political,RepChuyGarcia
Mike Quigley,IL,D,House,5,White,M,10/17/58,Political,RepMikeQuigley
Sean Casten,IL,D,House,6,White,M,11/23/71,Business,RepCasten
Danny K. Davis,IL,D,House,7,Black,M,9/6/41,Political,RepDannyDavis
Raja Krishnamoorthi,IL,D,House,8,Asian,M,7/19/73,Legal,congressmanraja
Jan Schakowsky,IL,D,House,9,White,F,5/26/44,Political,JanSchakowsky
Brad Schneider,IL,D,House,10,White,M,8/20/61,Political,repschneider
Bill Foster,IL,D,House,11,White,M,10/7/55,"Political, Business, Academic",RepBillFoster
Mike Bost,IL,R,House,12,White,M,12/30/60,Political,RepBost
Rodney Davis,IL,R,House,13,White,M,1/5/70,Political,RodneyDavis
Lauren Underwood,IL,D,House,14,Black,F,10/4/86,Medical,LaurenUnderwood
Mary Miller,IL,R,House,15,White,F,8/27/59,Agricultural,RepMaryMiller
Adam Kinzinger,IL,R,House,16,White,M,2/27/78,"Political, Military",RepKinzinger
Cheri Bustos,IL,D,House,17,White,F,10/17/61,"Political, Media, Business",RepCheri
Darin LaHod,IL,R,House,18,White,M,7/5/68,"Legal, Political",RepLaHood
Frank J. Mrvan,IN,D,House,1,White,M,4/16/69,Political,RepMrvan
Jackie Walorski,IN,R,House,2,White,F,8/17/63,Political,RepWalorski
Jim Banks,IN,R,House,3,White,M,7/16/79,Political,RepJimBanks
Jim Baird,IN,R,House,4,White,M,6/4/45,Political,RepJimBaird
Victoria Spartz,IN,R,House,5,White,F,10/6/78,Political,RepSpartz
Greg Pence,IN,R,House,6,White,M,11/14/05,Business,RepGregPence
André Carson,IN,D,House,7,Black,M,10/16/74,Political,RepAndreCarson
Larry Bucshon,IN,R,House,8,White,M,5/31/62,Medical,RepLarryBucshon
Trey Hollingsworth,IN,R,House,9,White,M,9/12/83,Business,reptrey
Ashley Hinson,IA,R,House,1,White,F,6/27/83,"Political, Media",RepAshleyHinson
Mariannette Miller-Meks,IA,R,House,2,White,F,9/6/55,"Political, Medical, Military",RepMMM
Cindy Axne,IA,D,House,3,White,F,4/20/65,Business,RepCindyAxne
Randy Feenstra,IA,R,House,4,White,M,1/14/69,Political,RepFeenstra
Tracey Mann,KS,R,House,1,White,M,12/17/76,"Political, Busiess",RepMann
Jake LaTurner,KS,R,House,2,White,M,2/17/88,Political,RepLaTurner
Sharice Davids,KS,D,House,3,Indigenous,F,5/22/80,Legal,RepDavids
Ron Estes,KS,R,House,4,White,M,7/19/56,Political,RepRonEstes
James Comer,KY,R,House,1,White,M,8/19/72,Political,Rep James Comer
Brett Guthrie,KY,R,House,2,White,M,2/18/64,Political,RepGuthrie
John Yarmuth,KY,D,House,3,White,M,11/4/47,"Media, Academic",RepJohnYarmuth
Thomas Massie,KY,R,House,4,White,M,1/13/71,Political,RepThomasMassie
Hal Rogers,KY,R,House,5,White,M,12/31/37,Legal,RepHalRogers
Andy Barr,KY,R,House,6,White,M,7/24/73,Legal,RepAndyBarr
Steve Scalise,LA,R,House,1,White,M,10/6/65,Political,SteveScalise
Troy Carter,LA,D,House,2,Black,M,10/26/63,Political,troyc4Congress
Clay Higgins,LA,R,House,3,White,M,8/24/61,Law Enforcement,RepClayHiggins
Mike Johnson,LA,R,House,4,White,M,1/30/72,Political,RepMikeJohnson
Julia Letlow,LA,R,House,5,White,F,3/16/81,Academic,jbletlow
Garret Graves,LA,R,House,6,White,M,1/31/72,Political,RepGarretGraves
Chellie Pingree,ME,D,House,1,White,F,4/2/55,Political,ChelliePingree
Jared Golden,ME,D,House,2,White,M,7/25/82,Political,repgolden
Andy Harris,MD,R,House,1,White,M,1/25/57,"Political, Medical",RepAndyHarrisMD
Dutch Ruppersberger,MD,D,House,2,White,M,1/31/46,"Legal, Political",Call_Me_Dutch
John Sarbanes,MD,D,House,3,White,M,5/22/62,Legal,RepSarbanes
Anthony G. Brown,MD,D,House,4,Black,M,11/21/61,Political,RepAnthonyBrown
Steny Hoyer,MD,D,House,5,White,M,6/14/39,Political,LeaderHoyer
David Trone,MD,D,House,6,White,M,9/21/55,Business,repdavidtrone
Kweisi Mfume,MD,D,House,7,Black,M,10/24/48,Political,RepKweisiMfume
Jamie Raskin,MD,D,House,8,White,M,12/13/62,Political,repraskin
Richard Neal,MA,D,House,1,White,M,2/14/49,Political,RepRichardNeal
Jim McGovern,MA,D,House,2,White,M,11/20/59,Political,RepMcGovern
Lori Trahan,MA,D,House,3,Hispanic,F,10/27/73,"Business, Political",RepLoriTrahan
Jake Auchincloss,MA,D,House,4,White,M,1/29/08,Political,RepAuchincloss
Katherine Clark,MA,D,House,5,White,F,7/17/63,"Political, Legal",RepKClark
Seth Moulton,MA,D,House,6,White,M,10/24/78,"Political, Business, Military",teammoulton
Ayanna Pressley,MA,D,House,7,Black,F,2/3/74,Political,RepPressley
Stephen F. Lynch,MA,D,House,8,White,M,3/31/55,Political,RepStephenLynch
Bill Keating,MA,D,House,9,White,M,9/6/52,"Political, Legal",USRepKeating
Jack Bergman,MI,R,House,1,White,M,2/2/47,Military,RepJackBergman
Bill Huizenga,MI,R,House,2,White,M,1/31/69,Political,RepHuizenga
Peter Meijer,MI,R,House,3,White,M,1/10/88,Business,Peter Meijer
John Moolenaar,MI,R,House,4,White,M,5/8/61,Political,RepMoolenaar
Dan Kildee,MI,D,House,5,White,M,8/11/58,Political,RepDanKildee
Fred Upton,MI,R,House,6,White,M,4/23/53,Political,RepFredUpton
Tim Walberg,MI,R,House,7,White,M,4/12/51,Political,RepWalberg
Elissa Slotkin,MI,D,House,8,White,F,7/10/76,Political,RepSlotkin
Andy Levin,MI,D,House,9,White,M,8/10/60,Legal,RepAndyLevin
Lisa McClain,MI,R,House,10,White,F,4/7/66,Business,RepLisaMcClain
Haley Stevens,MI,D,House,11,White,F,6/24/83,Political,RepHaleyStevens
Debbie Dingell,MI,D,House,12,White,F,11/23/56,Political,RepDebDingell
Rashida Tlaib,MI,D,House,13,White,F,7/24/76,Political,RepRashida
Brenda Lawrence,MI,D,House,14,Black,F,10/18/54,Political,RepLawrence
Jim Hagdorn,MN,R,House,1,White,M,8/4/62,Political,RepHagedorn
Angie Craig,MN,D,House,2,White,F,2/14/72,"Business, Media",RepAngieCraig
Dean Phillips,MN,D,House,3,White,M,1/20/69,Business,RepDeanPhillips
Betty McCollum,MN,D,House,4,White,F,7/12/54,Political,BettyMcCollum04
Ilhan Omar,MN,D,House,5,Black,F,10/4/82,Political,IlhanMN
Tom Emmer,MN,R,House,6,White,M,3/3/61,Political,RepTomEmmer
Michelle Fischbach,MN,R,House,7,White,F,11/3/65,Political,RepFischbach
Pete Stauber,MN,R,House,8,White,M,5/10/66,"Political, Law Enforcement",RepPeteStauber
Trent Kelly,MS,R,House,1,White,M,3/1/66,"Legal, Military",reptrentkelly
Bennie Thompson,MS,D,House,2,Black,M,1/28/48,Political,BennieGThompson
Michael Guest,MS,R,House,3,White,M,2/4/70,Legal,RepMichaelGuest
Steven Palazzo,MS,R,House,4,White,M,2/21/70,Political,CongPalazzo
Cori Bush,MO,D,House,1,Black,F,7/21/76,"Medical, Religious, Political",RepCori
Ann Wagner,MO,R,House,2,White,F,9/13/62,Political,RepAnnWagner
Bline Luetkemeyer,MO,R,House,3,White,M,5/7/52,Political,RepBlaine
Vicky Hartzler,MO,R,House,4,White,F,10/13/60,Political,RepHartzler
Emanuel Cleaver,MO,D,House,5,Black,M,10/26/44,"Political, Religious, Media",RepCleaver
Sam Graves,MO,R,House,6,White,M,11/7/63,Political,RepSamGraves
Billy Long,MO,R,House,7,White,M,8/11/55,Business,USRepLong
Jason Smith,MO,R,House,8,White,M,6/16/80,Political,RepJasonSmith
Matt Rosendale,MT,R,House,At-Large,White,M,7/7/60,Political,RepRosendale
Jeff Fortenberry,NE,R,House,1,White,M,12/27/60,"Political, Business",JeffFortenberry
Don Bacon,NE,R,House,2,White,M,8/16/63,Military,repdonbacon
Adrian Smith,NE,R,House,3,White,M,12/19/70,Political,RepAdrianSmith
Dina Titus,NV,D,House,1,White,F,5/23/50,Political,RepDinaTitus
Mark Amodei,NV,R,House,2,White,M,6/12/58,Political,MarkAmodeiNV2
Susie Lee,NV,D,House,3,White,F,11/7/66,"Political, Education",RepSusieLee
Steven Horsford,NV,D,House,4,Black,M,4/29/73,Political,RepHorsford
Chris Pappas,NH,D,House,1,White,M,6/4/80,Political,RepChrisPappas
Ann McLane Kuster,NH,D,House,2,White,F,9/5/56,"Legal, Political",RepAnnieKuster
Donald Norcross,NJ,D,House,1,White,M,12/13/58,Political,DonaldNorcross
Jeff Van Drew,NJ,R,House,2,White,M,2/23/53,Political,None?
Andy Kim,NJ,D,House,3,Asian,M,7/12/82,Political,RepAndyKimNJ
Chris Smith,NJ,R,House,4,White,M,3/4/53,Business,None?
Josh Gottheimer,NJ,D,House,5,White,M,3/8/75,"Legal, Political",RepJoshG
Frank Pallone,NJ,D,House,6,White,M,10/30/51,Political,FrankPallone
Tom Malinowski,NJ,D,House,7,White,M,10/23/65,Political,RepMalinowski
Albio Sires,NJ,D,House,8,Hispanic,M,1/26/51,Political,RepSires
Bill Passcrell,NJ,D,House,9,White,M,1/25/37,Political,BillPascrell
Donald Payne Jr.,NJ,D,House,10,Black,M,12/17/58,Political,RepDonaldPayne
Mikie Sherrill,NJ,D,House,11,White,F,1/19/72,"Legal, Military",RepSherrill
Bonnie Watson Coleman,NJ,D,House,12,Black,F,2/6/45,Political,RepBonnie
Yvette Herrell,NM,R,House,2,Indigenous,F,3/16/64,Political,RepHerrell
Teresa Leger Fernandez,NM,D,House,3,White,F,7/1/59,Political,RepTeresaLF
Lee Zeldin,NY,R,House,1,White,M,1/30/80,Political,RepLeeZeldin
Andrew Garbarino,NY,R,House,2,White,M,9/27/84,Political,RepGarbarino
Thomas Suozzi,NY,D,House,3,White,M,8/31/62,Political,RepTomSuozzi
Kathleen Rice,NY,D,House,4,White,F,2/15/65,Legal,RepKathleenRice
Gregory Meeks,NY,D,House,5,Black,M,9/25/53,Political,RepGregoryMeeks
Grace Meng,NY,D,House,6,Asian,F,10/1/75,Political,RepGraceMeng
Nydia Valázquez,NY,D,House,7,Hispanic,F,3/28/53,Political,NydiaVelazquez
Hakeem Jeffries,NY,D,House,8,Black,M,8/4/70,Political,RepJeffries
Yvette Clark,NY,D,House,9,Black,F,11/21/64,Political,RepYvetteClarke
Jerry Nadler,NY,D,House,10,White,M,6/13/04,Political,RepJerryNadler
Nicole Malliotakis,NY,R,House,11,Hispanic,F,11/11/80,Political,RepMalliotakis
Carolyn Maloney,NY,D,House,12,White,F,2/19/46,Political,RepMaloney
Adriano Espaillat,NY,D,House,13,Hispanic,M,9/27/54,Political,RepEspaillat
Alexandria Ocasio-Cortez,NY,D,House,14,Hispanic,F,10/13/89,Political,RepAOC
Ritchie Torres,NY,D,House,15,"Hispanic, Black",M,3/12/88,Political,RepRitchie
Jamaal Bowman,NY,D,House,16,Black,M,4/1/76,Education,RepBowman
Mondaire Jones,NY,D,House,17,Black,M,5/18/88,Legal,RepMondaire
Sean Patrick Maloney,NY,D,House,18,White,M,4/1/76,Legal,RepSeanMaloney
Antonio Delgado,NY,D,House,19,"Black,Hispanic",M,5/18/87,Legal,repdelgado
Paul Tonko,NY,D,House,20,White,M,7/30/66,Political,RepPaulTonko
Elise Stefanik,NY,R,House,21,White,F,1/28/77,Political,RepStefanik
Claudia Tenney,NY,R,House,22,White,F,6/18/49,Political,RepTenney
Tom Reed,NY,R,House,23,White,M,7/2/84,Political,TomReedCongress
John Katko,NY,R,House,24,White,M,11/9/62,Legal,RepJohnKatko
Joseph Morelle,NY,D,House,25,White,M,4/29/57,Political,RepJoeMorelle
Brian Higgins,NY,D,House,26,White,M,10/6/59,Political,RepBrianHiggins
Chris Jacobs,NY,R,House,27,White,M,11/28/66,Political,RepJacobs
G. K. Butterfield,NC,D,House,1,White,M,4/27/47,Legal,GKButterfield
Deborah Ross,NC,D,House,2,White,F,6/20/63,Political,RepDeborahRoss
Greg Murphy,NC,R,House,3,White,M,3/5/63,Political,RepGregMurphy
David Price,NC,D,House,4,White,M,8/17/40,"Political, Academic",RepDavidEPrice
Virginia Foxx,NC,R,House,5,White,F,6/29/43,Political,VirginiaFoxx
Kathy Manning,NC,D,House,6,White,F,12/3/56,Legal,RepKManning
David Rouzer,NC,R,House,7,White,M,2/16/72,Political,RepDavidRouzer
Richard Hudson,NC,R,House,8,White,M,11/4/71,Business,RepRichHudson
Dan Bishop,NC,R,House,9,White,M,7/1/64,Political,RepDanBishop
Patrick McHenry,NC,R,House,10,White,M,10/22/75,Political,PatrickMcHenry
Madison Cawthorn,NC,R,House,11,White,M,8/1/95,Political,CawthornforNC
Alma Adams,NC,D,House,12,Black,F,5/27/46,Political,RepAdams
Ted Budd,NC,R,House,13,White,M,10/21/71,Business,RepTedBudd
Kelly Armstrong,ND,R,House,At-Large,White,M,10/8/76,Political,RepArmstrongND
Steve Chabot,OH,R,House,1,White,M,1/22/53,Political,RepSteveChabot
Brad Wenstrup,OH,R,House,2,White,M,6/17/58,Medical,RepBradWenstrup
Joyce Beatty,OH,D,House,3,Black,F,3/12/50,Political,RepBeatty
Jim Jordan,OH,R,House,4,White,M,2/17/64,Political,Jim_Jordan
Bob Latta,OH,R,House,5,White,M,4/18/56,Political,BobLatta
Bill Johnson,OH,R,House,6,White,M,11/10/54,Military,RepBillJohnson
Bob Gibbs,OH,R,House,7,White,M,6/14/54,Political,RepBobGibbs
Warren Davidson,OH,R,House,8,White,M,3/1/70,Business,WarrenDavidson
Marcy Kaptur,OH,D,House,9,White,F,6/17/46,Political,RepMarcyKaptur
Mike Turner,OH,R,House,10,White,M,1/11/60,Political,RepMikeTurner
Troy Balderson,OH,R,House,12,White,M,1/16/62,Political,RepBalderson
Tim Ryan,OH,D,House,13,White,M,7/16/73,Political,RepTimRyan
David Joyce,OH,R,House,14,White,M,3/17/57,Legal,RepDaveJoyce
Anthony Gonzalez,OH,R,House,16,Hispanic,M,9/18/84,Business,RepAGonzalez
Kevin Hern,OK,R,House,1,White,M,12/4/61,Business,repkevinhern
Markwayne Mullin,OK,R,House,2,Indigenous,M,7/26/77,Business,RepMullin
Frank Lucas,OK,R,House,3,White,M,1/6/60,Political,RepFrankLucas
Tom Cole,OK,R,House,4,Indigenous,M,4/28/49,"Political, Academic",TomColeOK04
Stephanie Bice,OK,R,House,5,White,F,11/11/73,Political,RepBice
Suzanne Bonamici,OR,D,House,1,White,F,10/14/54,Political,RepBonamici
Cliff Bentz,OR,R,House,2,White,M,1/12/52,Political,RepBentz
Earl Blumenauer,OR,D,House,3,White,M,8/16/48,Political,BlumenauerMedia
Peter Defazio,OR,D,House,4,White,M,5/27/47,Political,RepPeterDeFazio
Kurt Schrader,OR,D,House,5,White,M,10/19/51,"Medical, Political",RepSchrader
Brian Fitzpatrick,PA,R,House,1,White,M,12/17/73,"Legal, Law Enforcement",repbrianfitz
Brendan Boyle,PA,D,House,2,White,M,2/6/77,Political,CongBoyle
Dwight Evans,PA,D,House,3,Black,M,5/16/54,Political,RepDwightEvans
Madeleine Deane,PA,D,House,4,White,F,6/6/59,Political,RepDean
Mary Gay Scanlon,PA,D,House,5,White,F,8/30/59,Legal,RepMGS
Chrissy Houlahan,PA,D,House,6,White,F,6/5/67,"Business, Military",RepHoulahan
Susan Wild,PA,D,House,7,White,F,6/7/57,Political,RepSusanWid
Matt Cartwright,PA,D,House,8,White,M,5/1/61,Legal,RepCartwright
Dan Meuser,PA,R,House,9,White,M,2/10/64,Political,RepMeuser
Scott Perry,PA,R,House,10,White,M,5/27/62,"Political, Business, Military",RepScottPerry
Lloyd Smucker,PA,R,House,11,White,M,1/23/64,Political,RepSmucker
Fred Keller,PA,R,House,12,White,M,10/23/65,Political,RepFredKeller
John Joyce,PA,R,House,13,White,M,2/8/57,Medical,RepJohnJoyce
Guy Reschenthaler,PA,R,House,14,White,M,4/17/83,"Political, Legal, Military",GReschenthaler
Glenn Thompson,PA,R,House,15,White,M,7/27/59,Political,CongressmanGT
Mike Kelly,PA,R,House,15,White,M,5/10/48,Political,MikeKellyPA
Conor Lamb,PA,D,House,16,White,M,6/27/84,"Legal, Military",RepConorLamb
Mike Doyle,PA,D,House,17,White,M,8/5/53,Political,USRepMikeDoyle
David Cicilline,RI,D,House,1,White,M,7/15/61,Political,RepCicilline
James Langevin,RI,D,House,2,White,M,4/22/64,Political,JimLangevin
Nancy Mace,SC,R,House,1,White,M,12/4/77,Political,RepNancyMace
Joe Wilson,SC,R,House,2,White,M,7/31/47,Political,RepJoeWilson
Jeff Duncan,SC,R,House,3,White,M,1/7/66,Political,RepJeffDuncan
William Timmons,SC,R,House,4,White,M,4/30/84,"Legal, Business",RepTimmons
Ralph Norman,SC,R,House,5,White,M,6/20/53,"Political, Business",RepRalphNorman
Jim Clyburn,SC,D,House,6,Black,M,7/21/40,"Political, Education",WhipClyburn
Tom Rice,SC,R,House,7,White,M,8/4/57,"Legal, Business, Political",RepTomRice
Dusty Johnson,SD,R,House,At-Large,White,M,9/30/76,Political,RepDustyJohnson
Diana Harshbarger,TN,R,House,1,White,F,1/1/60,Medical,RepHarshbarger
Tim Burchett,TN,R,House,2,White,M,8/25/64,Political,RepTimBurchett
Chuck Flieschmann,TN,R,House,3,White,M,10/11/62,Legal,RepChuck
Scott Desjarlais,TN,R,House,4,White,M,2/21/64,Medical,RepHarshbarger
Jim Cooper,TN,D,House,5,White,M,6/19/54,"Political, Academic",RepJimCooper
John Rose,TN,R,House,6,White,M,2/23/65,Political,RepJohnRose
Mark E. Green,TN,R,House,7,White,M,11/8/64,Political,RepMarkGreen
David Kustoff,TN,R,House,8,White,M,10/8/66,Legal,repdavidkustoff
Steve Cohen,TN,D,House,9,White,M,5/24/49,"Political, Legal",RepCohen
Louie Gohmert,TX,R,House,1,White,M,8/18/53,Legal,RepLouieGohmert
Dan Crenshaw,TX,R,House,2,White,M,3/14/84,Military,RepDanCrenshaw
Van Taylor,TX,R,House,3,White,M,8/1/72,Political,RepVanTaylor
Pat Fallon,TX,R,House,4,White,M,12/19/67,"Political, Military",RepPatFallon
Lance Gooden,TX,R,House,5,White,M,12/1/82,Political,LanceGooden
Lizzie Pannill Fletcher,TX,D,House,7,White,F,2/13/75,Legal,RepFletcher
Kevin Brady,TX,R,House,8,White,M,4/11/55,Political,RepKevinBrady
Al Green,TX,D,House,9,Black,M,9/1/47,"Political, Legal",RepAlGreen
Michael McCaul,TX,R,House,10,White,M,1/14/62,Legal,RepMcCaul
August Pfluger,TX,R,House,11,White,M,12/28/78,"Political, Military",RepPfluger
Kay Granger,TX,R,House,12,White,F,1/18/43,Political,RepKayGranger
Ronny Jackson,TX,R,House,13,White,M,5/4/67,"Medical, Military, Political",RepRonnyJackson
Randy Weber,TX,R,House,14,White,M,7/2/53,Political,TXRandy14
Vicente Gonzalez,TX,D,House,15,Hispanic,M,9/4/67,"Business, Political",RepGonzalez
Veronica Escobar,TX,D,House,16,Hispanic,F,9/15/69,"Legal, Political",RepEscobar
Pete Sessions,TX,R,House,17,White,M,3/22/55,Political,PeteSessions
Sheila Jackson Lee,TX,D,House,18,Black,F,1/12/50,"Political, Legal",JacksonLeeTX18
Jodey Arrington,TX,R,House,19,White,M,3/9/72,"Education, Political",RepArrington
Joaquin Castro,TX,D,House,20,Hispanic,M,9/16/74,Political,JoaquinCastrotx
Chip Roy,TX,R,House,21,White,M,8/7/72,Legal,RepChipRoy
Troy Nehls,TX,R,House,22,White,M,4/7/68,Law Enforcement,RepTroyNehls
Tony Gonzales,TX,R,House,23,Hispanic,M,10/10/80,Military,RepTonyGonzales
Beth Van Duyne,TX,R,House,24,White,F,11/16/70,Political,RepBethVanDuyne
Roger Williams,TX,R,House,25,White,M,9/13/49,Political,RepRWilliams
Michael C. Burgess,TX,R,House,26,White,M,12/23/50,Medical,MichaelCBurgess
Michael Cloud,TX,R,House,27,White,M,5/13/75,Political,RepCloudTX
Henry Cuellar,TX,D,House,28,Hispanic,M,9/19/55,Political,RepCuellar
Sylvia Garcia,TX,D,House,29,Hispanic,F,9/6/50,Political,RepSylviaGarcia
Eddie Bernice Johnson,TX,D,House,30,Black,F,12/3/35,"Political, Medical, Military",RepEBJ
John Carter,TX,R,House,31,White,M,11/6/41,Legal,JudgeCarter
Colin Allred,TX,D,House,32,Black,M,4/15/83,Legal,RepColinAllred
Marc Veasey,TX,D,House,33,Black,M,1/3/71,Political,RepVeasey
Filemon Vela Jr.,TX,D,House,34,Hispanic,M,2/13/63,Legal,RepFilemonVela
Lloyd Doggett,TX,D,House,35,White,M,10/6/46,"Legal, Political, Academic",RepLloydDoggett
Brian Babin,TX,R,House,36,White,M,3/23/48,Political,RepBrianBabin
Blake Moore,UT,R,House,1,White,M,6/22/80,Political,RepBlakeMoore
Chris Stewart,UT,R,House,2,White,M,7/15/60,Business,RepChrisStewart
John Curtis,UT,R,House,3,White,M,5/10/60,Political,RepJohnCurtis
Burgess Owens,UT,R,House,4,Black,M,8/2/51,Business,RepBurgessOwens
Peter Welch,VT,D,House,At-Large,White,M,5/2/47,Political,PeterWelch
Rob Wittman,VA,R,House,1,White,M,2/3/59,Political,RobWittman
Elaine Luria,VA,D,House,2,White,F,8/15/75,Military,RepElaineLuria
Bobby Scott,VA,D,House,3,Asian,M,4/30/47,Political,BobbyScott
Donald McEachin,VA,D,House,4,Black,M,10/10/61,Political,RepDonBeyer
Bob Good,VA,R,House,5,White,M,9/11/65,"Academic, Political",RepBobGood
Ben Cline,VA,R,House,6,White,M,2/29/72,Political,RepBenCline
Abigail Spanberger,VA,D,House,7,White,F,8/7/79,Intelligence,RepSpanberger
Don Beyer,VA,D,House,8,White,M,6/20/50,Political,RepDonBeyer
Morgan Griffith,VA,R,House,9,White,M,3/15/58,Political,RepMGriffith
Jennifer Wexton,VA,D,House,10,White,F,5/27/68,Political,RepWexton
Gerry Connolly,VA,D,House,11,White,M,3/30/50,Political,GerryConnolly
Suzan DelBene,WA,D,House,1,White,F,2/17/62,Political,RepDelBene
Rick Larsen,WA,D,House,2,White,M,6/15/65,Political,RepRickLarsen
Jaime Herrera Beutler,WA,R,House,3,Hispanic,F,11/3/78,Political,HerreraBeutler
Dan Newhouse,WA,R,House,4,White,M,7/10/55,Political,RepNewhouse
Cathy McMorris Rodgers,WA,R,House,5,White,F,5/22/69,Political,CathyMcMorris
Derek Kilmer,WA,D,House,6,White,M,1/1/74,Political,RepDerekKilmer
Pramila Jayapal,WA,D,House,7,Asian,F,9/21/65,Political,RepJayapal
Kim Schrier,WA,D,House,8,White,F,8/23/68,Medical,RepKimSchrier
Adam Smith,WA,D,House,9,White,M,6/15/65,Political,RepAdamSmith
Marilyn Strickland,WA,D,House,10,Black,F,9/25/62,Political,RepStricklandWA
David McKinley,WV,R,House,1,White,M,3/28/47,"Business, Political",RepMcKinley
Alex Mooney,WV,R,House,2,Hispanic,M,6/7/71,Political,RepAlexMooney
Carol Miller,WV,R,House,3,White,F,11/4/50,Political,RepCarolMiller
Bryan Steil,WI,R,House,1,White,M,3/3/81,"Political, Legal",RepBryanSteil
Mark Pocan,WI,D,House,2,White,M,8/14/64,Political,RepMarkPocan
Ron Kind,WI,D,House,3,White,M,3/16/63,Legal,RepRonKind
Gwen Moore,WI,D,House,4,Black,F,4/18/51,Political,RepGwenMoore
Scott Fitzgerald,WI,R,House,5,White,M,11/16/63,Political,RepFitzgerald
Glenn Grothman,WI,R,House,6,White,M,7/3/55,Political,RepGrothman
Tom Tiffany,WI,R,House,7,White,M,12/30/57,Political,TomTiffanyWI
Mike Gallagher,WI,R,House,8,White,M,3/3/84,"Political, Military",RepGallagher
Liz Cheney,WY,R,House,At-Large,White,F,7/28/66,Political,RepLizCheney
Richard Shelby,AL,R,Senate,Senate,White,M,5/6/34,"Legal,  Political",SenShelby
Tommy Tuberville,AL,R,Senate,Senate,White,M,9/18/54,Business,SenTuberville
Lisa Murkowski,AK,R,Senate,Senate,White,F,5/22/57,"Legal, Political",lisamurkowski
Dan Sullivan,AK,R,Senate,Senate,White,M,11/13/64,"Military, Legal, Political",SenDanSullivan
Kyrsten Sinema,AZ,D,Senate,Senate,White,F,7/12/76,"Legal,  Academic, Political",SenatorSinema
Mark Kelly,AZ,D,Senate,Senate,White,M,2/21/64,Military,SenMarkKelly
John Boozman,AR,R,Senate,Senate,White,M,12/10/50,Medical,JohnBoozman
Tom Cotton,AR,R,Senate,Senate,White,M,5/13/77,"Legal,  Military, Political",SenTomCotton
Dianne Feinstein,CA,D,Senate,Senate,White,F,6/22/33,Political,SenFeinstein
Alex Padilla,CA,D,Senate,Senate,Hispanic,M,3/22/73,"Engineering, Political",SenAlexPadilla
Michael Bennet,CO,D,Senate,Senate,White,M,11/28/64,"Legal, Education",SenatorBennet
John Hickenlooper,CO,D,Senate,Senate,White,M,2/7/52,"Academic, Business",SenatorHick
Richard Blumenthal,CT,D,Senate,Senate,White,M,2/13/46,"Military, Legal, Political",SenBlumenthal
Chris Murphy,CT,D,Senate,Senate,White,M,8/3/73,"Legal, Political",ChrisMurphyCT
Tom Carper,DE,D,Senate,Senate,White,M,1/23/47,"Military, Political",SenatorCarper
Chris Coons,DE,D,Senate,Senate,White,M,9/9/63,"Legal,  Political",ChrisCoons
Marco Rubio,FL,R,Senate,Senate,Hispanic,M,5/28/71,"Legal, Political",marcorubio
Rick Scott,FL,R,Senate,Senate,White,M,12/1/52,"Military, Legal, Business, Political",SenRickScott
Jon Ossoff,GA,D,Senate,Senate,White,M,2/16/87,"Media, Political",Ossoff
Raphael Warnock,GA,D,Senate,Senate,Black,M,7/23/69,Religious,SenatorWarnock
Brian Schatz,HI,D,Senate,Senate,White,M,10/20/72,"Education, Political",SenBrianSchatz
Mazie Hirono,HI,D,Senate,Senate,Asian,F,11/3/47,"Legal, Political",maziehirono
Mike Crapo,ID,R,Senate,Senate,White,M,5/20/51,Legal Political,MikeCrapo
Jim Risch,ID,R,Senate,Senate,White,M,5/3/43,"Academic,  Agricultural,  Legal, Political",SenatorRisch
Dick Durbin,IL,D,Senate,Senate,White,M,11/21/44,"Legal, Academic, Political",SenatorDurbin
Tammy Duckworth,IL,D,Senate,Senate,Asian,F,3/2/68,"Military, Medical, Academic, Political",SenDuckworth
Todd Young,IN,R,Senate,Senate,White,M,8/24/72,"Military,  Business, Legal,  Academic, Political",SenToddYoung
Mike Braun,IN,R,Senate,Senate,White,M,3/24/54,"Business, Political",SenatorBraun
Chuck Grassley,IA,R,Senate,Senate,White,M,9/17/33,"Academic, Agricultural, Political",ChuckGrassley
Joni Ernst,IA,R,Senate,Senate,White,F,7/1/70,"Agricultural, Military, Political",SenJoniErnst
Jerry Moran,KS,R,Senate,Senate,White,M,5/29/54,"Political, Business, Legal",JerryMoran
Roger Marshall,KS,R,Senate,Senate,White,M,8/9/60,"Medical,  Military,  Political",SenatorMarshall
Mitch McConnell,KY,R,Senate,Senate,White,M,2/20/42,"Legal, Political",LeaderMcConnell
Rand Paul,KY,R,Senate,Senate,White,M,1/7/63,Medical,RandPaul
Bill Cassidy,LA,R,Senate,Senate,White,M,9/28/57,"Medical, Political",SenBillCassidy
John Kennedy,LA,R,Senate,Senate,White,M,11/21/51,"Legal, Academic, Media, Political",SenJohnKennedy
Susan Collins,ME,R,Senate,Senate,White,M,12/7/52,Political,SenatorCollins
Angus King,ME,I,Senate,Senate,White,M,3/31/44,"Legal,  Business, Media, Political",SenAngusKing
Ben Cardin,MD,D,Senate,Senate,White,M,10/5/43,"Legal,  Political",SenatorCardin
Chris Van Hollen,MD,D,Senate,Senate,White,M,1/10/59,"Political, Legal",ChrisVanHollen
Elizabeth Warren,MA,D,Senate,Senate,White,F,6/22/49,"Legal, Academic, Political",SenWarren
Ed Markey,MA,D,Senate,Senate,White,M,7/11/46,"Military, Legal, Political",SenMarkey
Debbie Stabenow,MI,D,Senate,Senate,White,F,4/29/50,Political,SenStabenow
Gary Peters,MI,D,Senate,Senate,White,M,12/1/58,"Military, Legal, Academic, Political",SenGaryPeters
Amy Klobuchar,MN,D,Senate,Senate,White,F,5/25/60,Legal,SenAmyKlobuchar
Tina Smith,MN,D,Senate,Senate,White,F,3/4/58,Political,SenTinaSmith
Roger Wicker,MS,R,Senate,Senate,White,M,7/5/51,"Military, Legal, Political",SenatorWicker
Cindy Hyde-Smith,MS,R,Senate,Senate,White,F,5/10/59,"Agricultural, Political",SenHydeSmith
Roy Blunt,MO,R,Senate,Senate,White,M,1/10/50,"Academic, Political",RoyBlunt
Josh Hawley,MO,R,Senate,Senate,White,M,12/31/79,"Legal, Academic, Political",HawleyMO
Jon Tester,MT,D,Senate,Senate,White,M,8/21/56,"Education, Agricultural, Political",SenatorTester
Steve Daines,MT,R,Senate,Senate,White,M,8/20/62,"Business, Political",SteveDaines
Deb Fischer,NE,R,Senate,Senate,White,F,3/1/51,"Agricultural, Political",SenatorFischer
Ben Sasse,NE,R,Senate,Senate,White,M,2/22/72,"Business, Academic",SenSasse
Catherine Cortez Masto,NV,D,Senate,Senate,Hispanic,F,3/29/64,"Legal, Political",SenCortezMasto
Jacky Rosen,NV,D,Senate,Senate,White,F,8/2/57,"Business, Political",SenJackyRosen
Jeanne Shaheen,NH,D,Senate,Senate,White,F,1/28/47,"Education, Business, Political",SenatorShaheen
Maggie Hassan,NH,D,Senate,Senate,White,F,2/27/58,"Legal, Political",SenatorHassan
Bob Menendez,NJ,D,Senate,Senate,Hispanic,M,1/1/54,"Legal, Political",SenatorMenendez
Cory Booker,NJ,D,Senate,Senate,Black,M,4/27/69,"Legal, Political",CoryBooker
Martin Heinrich,NM,D,Senate,Senate,White,M,10/17/71,"Business, Political",MartinHeinrich
Ben Ray Luján,NM,D,Senate,Senate,Hispanic,M,6/7/72,Political,SenatorLujan
Chuck Schumer,NY,D,Senate,Senate,White,M,11/23/50,"Legal, Political",SenSchumer
Kirsten Gillibrand,NY,D,Senate,Senate,White,F,12/9/66,"Legal, Political",SenGillibrand
Richard Burr,NC,R,Senate,Senate,White,M,11/30/55,"Business, Political",SenatorBurr
Thom Tillis,NC,R,Senate,Senate,White,M,8/30/60,"Business, Political",SenThomTillis
John Hoeven,ND,R,Senate,Senate,White,M,3/13/57,"Business, Political ",SenJohnHoeven
Kevin Cramer,ND,R,Senate,Senate,White,M,1/21/61,Political,SenKevinCramer
Sherrod Brown,OH,D,Senate,Senate,White,M,11/9/52,"Education, Political",SenSherrodBrown
Rob Portman,OH,R,Senate,Senate,White,M,12/19/55,"Legal, Political",senrobportman
Jim Inhofe,OK,R,Senate,Senate,White,M,11/17/34,"Military,  Businness, Political",JimInhofe
James Lankford,OK,R,Senate,Senate,White,M,3/4/68,"Education, Political",SenatorLankford
Ron Wyden,OR,D,Senate,Senate,White,M,5/3/49,"Education, Political",RonWyden
Jeff Merkley,OR,D,Senate,Senate,White,M,10/24/56,"Intelligence, Political",SenJeffMerkley
Bob Casey Jr.,PA,D,Senate,Senate,White,M,4/13/60,"Education, Legal, Political",SenBobCasey
Pat Toomey,PA,R,Senate,Senate,White,M,11/17/61,"Business, Political",SenToomey
Jack Reed,RI,D,Senate,Senate,White,M,11/12/49,"Military, Legal, Political",senjackreed
Sheldon Whitehouse,RI,D,Senate,Senate,White,M,10/20/55,"Legal, Political",SenWhitehouse
Lindsey Graham,SC,R,Senate,Senate,White,M,7/9/55,"Legal, Military, Political",LindseyGrahamSC
Tim Scott,SC,R,Senate,Senate,Black,M,9/19/65,"Business, Political",SenatorTimScott
John Thune,SD,R,Senate,Senate,White,M,1/7/61,Political,SenJohnThune
Mike Rounds,SD,R,Senate,Senate,White,M,10/24/54,"Business, Political",SenatorRounds
Marsha Blackburn,TN,R,Senate,Senate,White,F,6/6/52,"Business,  Political",MarshaBlackburn
Bill Hagerty,TN,R,Senate,Senate,White,M,8/14/59,"Business, Political",SenatorHagerty
John Cornyn,TX,R,Senate,Senate,White,M,2/2/52,"Legal, Political",JohnCornyn
Ted Cruz,TX,R,Senate,Senate,Hispanic,M,12/22/70,Legal,SenTedCruz
Mike Lee,UT,R,Senate,Senate,White,M,6/4/71,Legal,SenMikeLee
Mitt Romney,UT,R,Senate,Senate,White,M,3/12/47,"Business, Political",SenatorRomney
Patrick Leahy,VT,D,Senate,Senate,White,M,3/31/00,"Legal, Political",SenatorLeahy
Bernie Sanders,VT,I,Senate,Senate,White,M,9/8/41,"Media, Political",SenSanders
Mark Warner,VA,D,Senate,Senate,White,M,12/15/54,"Business, Political",MarkWarner
Tim Kaine,VA,D,Senate,Senate,White,M,2/26/58,"Political, Legal, Education, Religious",timkaine
Patty Murray,WA,D,Senate,Senate,White,F,10/11/50,"Education, Political",PattyMurray
Maria Cantwell,WA,D,Senate,Senate,White,F,10/13/58,"Business, Political",SenatorCantwell
Joe Manchin,WV,D,Senate,Senate,White,M,8/24/47,"Business, Political",Sen_JoeManchin
Shelley Moore. Capito,WV,R,Senate,Senate,White,F,11/26/53,"Academic, Education, Political",SenCapito
Ron Johnson,WI,R,Senate,Senate,White,M,4/9/55,Business,SenRonJohnson
Tammy Baldwin,WI,R,Senate,Senate,White,F,2/11/62,"Legal, Political",SenatorBaldwin
John Barrasso,WY,R,Senate,Senate,White,M,7/21/52,"Medical, Political",SenJohnBarrasso
Cynthia Lummis,WY,R,Senate,Senate,White,F,9/10/54,"Legal, Political",SenLummis